"SubjID", "Var1", "Var2", "Var3"
"ID1"   , "3"   , "2"   , "4"
"ID2"   , "3"   , "2"   , "1"
"ID3"   , "3"   , "1"   , "3"
"ID4"   , "2"   , "2"   , "3"
"ID5"   , "3"   , "2"   , "2"
"ID6"   , "2"   , "2"   , "4"
"ID7"   , "2"   , "2"   , "1"
"ID8"   , "2"   , "1"   , "3"
"ID9"   , "3"   , "1"   , "3"
"ID10"  , "1"   , "1"   , "3"
"ID11"  , "2"   , "1"   , "4"
"ID12"  , "2"   , "1"   , "1"
"ID13"  , "1"   , "2"   , "2"
"ID14"  , "2"   , "2"   , "4"
"ID15"  , "3"   , "1"   , "3"
"ID16"  , "1"   , "1"   , "3"
"ID17"  , "3"   , "2"   , "1"
"ID18"  , "3"   , "2"   , "3"
"ID19"  , "1"   , "1"   , "3"
"ID20"  , "1"   , "1"   , "4"
"ID21"  , "1"   , "2"   , "1"
"ID22"  , "1"   , "2"   , "4"
"ID23"  , "3"   , "1"   , "1"
"ID24"  , "2"   , "1"   , "1"
"ID25"  , "3"   , "1"   , "4"
"ID26"  , "2"   , "1"   , "2"
"ID27"  , "1"   , "1"   , "1"
"ID28"  , "2"   , "2"   , "3"
"ID29"  , "3"   , "2"   , "4"
"ID30"  , "2"   , "1"   , "1"
"ID31"  , "1"   , "1"   , "4"
"ID32"  , "3"   , "2"   , "1"
"ID33"  , "3"   , "1"   , "3"
"ID34"  , "1"   , "1"   , "4"
"ID35"  , "3"   , "1"   , "3"
"ID36"  , "2"   , "1"   , "1"
"ID37"  , "1"   , "1"   , "2"
"ID38"  , "3"   , "2"   , "1"
"ID39"  , "1"   , "2"   , "4"
"ID40"  , "1"   , "1"   , "1"
"ID41"  , "2"   , "1"   , "4"
"ID42"  , "3"   , "1"   , "2"
"ID43"  , "3"   , "2"   , "2"
"ID44"  , "1"   , "2"   , "3"
"ID45"  , "3"   , "2"   , "4"
"ID46"  , "1"   , "1"   , "2"
"ID47"  , "3"   , "1"   , "2"
"ID48"  , "2"   , "2"   , "3"
"ID49"  , "1"   , "1"   , "2"
"ID50"  , "2"   , "2"   , "1"
"ID51"  , "1"   , "1"   , "4"
"ID52"  , "1"   , "1"   , "1"
"ID53"  , "3"   , "1"   , "1"
"ID54"  , "1"   , "2"   , "3"
"ID55"  , "2"   , "2"   , "4"
"ID56"  , "1"   , "1"   , "2"
"ID57"  , "1"   , "1"   , "4"
"ID58"  , "3"   , "1"   , "3"
"ID59"  , "1"   , "2"   , "4"
"ID60"  , "2"   , "1"   , "4"
"ID61"  , "1"   , "2"   , "3"
"ID62"  , "3"   , "2"   , "2"
"ID63"  , "1"   , "2"   , "2"
"ID64"  , "3"   , "1"   , "2"
"ID65"  , "2"   , "2"   , "4"
"ID66"  , "3"   , "2"   , "4"
"ID67"  , "2"   , "1"   , "1"
"ID68"  , "2"   , "1"   , "3"
"ID69"  , "3"   , "1"   , "3"
"ID70"  , "2"   , "1"   , "4"
"ID71"  , "2"   , "2"   , "3"
"ID72"  , "3"   , "1"   , "3"
"ID73"  , "3"   , "1"   , "4"
"ID74"  , "1"   , "1"   , "2"
"ID75"  , "2"   , "1"   , "2"
"ID76"  , "2"   , "1"   , "1"
"ID77"  , "1"   , "2"   , "4"
"ID78"  , "2"   , "2"   , "2"
"ID79"  , "1"   , "1"   , "3"
"ID80"  , "1"   , "2"   , "1"
"ID81"  , "2"   , "2"   , "3"
"ID82"  , "3"   , "1"   , "2"
"ID83"  , "3"   , "1"   , "3"
"ID84"  , "1"   , "1"   , "2"
"ID85"  , "2"   , "1"   , "1"
"ID86"  , "1"   , "2"   , "1"
"ID87"  , "2"   , "1"   , "1"
"ID88"  , "1"   , "2"   , "2"
"ID89"  , "3"   , "1"   , "1"
"ID90"  , "3"   , "1"   , "2"
"ID91"  , "2"   , "2"   , "1"
"ID92"  , "3"   , "2"   , "3"
"ID93"  , "1"   , "2"   , "1"
"ID94"  , "2"   , "2"   , "3"
"ID95"  , "2"   , "1"   , "4"
"ID96"  , "3"   , "2"   , "3"
"ID97"  , "2"   , "2"   , "4"
"ID98"  , "1"   , "2"   , "2"
"ID99"  , "3"   , "2"   , "2"
"ID100" , "3"   , "1"   , "2"
"ID101" , "3"   , "2"   , "4"
"ID102" , "2"   , "2"   , "3"
"ID103" , "2"   , "1"   , "1"
"ID104" , "3"   , "2"   , "1"
"ID105" , "1"   , "1"   , "3"
"ID106" , "1"   , "1"   , "4"
"ID107" , "3"   , "1"   , "1"
"ID108" , "2"   , "1"   , "1"
"ID109" , "2"   , "1"   , "1"
"ID110" , "2"   , "2"   , "2"
"ID111" , "2"   , "1"   , "1"
"ID112" , "2"   , "2"   , "2"
"ID113" , "2"   , "2"   , "3"
"ID114" , "3"   , "1"   , "1"
"ID115" , "2"   , "1"   , "4"
"ID116" , "1"   , "2"   , "4"
"ID117" , "2"   , "2"   , "3"
"ID118" , "2"   , "1"   , "1"
"ID119" , "2"   , "1"   , "3"
"ID120" , "3"   , "1"   , "3"
"ID121" , "2"   , "1"   , "2"
"ID122" , "3"   , "1"   , "1"
"ID123" , "2"   , "2"   , "3"
"ID124" , "3"   , "1"   , "3"
"ID125" , "1"   , "1"   , "4"
"ID126" , "3"   , "1"   , "1"
"ID127" , "3"   , "1"   , "2"
"ID128" , "3"   , "2"   , "2"
"ID129" , "1"   , "2"   , "4"
"ID130" , "3"   , "2"   , "2"
"ID131" , "3"   , "1"   , "4"
"ID132" , "2"   , "2"   , "3"
"ID133" , "2"   , "1"   , "4"
"ID134" , "2"   , "1"   , "3"
"ID135" , "3"   , "1"   , "4"
"ID136" , "3"   , "1"   , "3"
"ID137" , "3"   , "1"   , "4"
"ID138" , "2"   , "2"   , "1"
"ID139" , "1"   , "2"   , "4"
"ID140" , "2"   , "1"   , "2"
"ID141" , "1"   , "1"   , "2"
"ID142" , "3"   , "2"   , "1"
"ID143" , "3"   , "1"   , "1"
"ID144" , "2"   , "2"   , "1"
"ID145" , "1"   , "2"   , "2"
"ID146" , "3"   , "2"   , "3"
"ID147" , "1"   , "1"   , "3"
"ID148" , "3"   , "1"   , "3"
"ID149" , "2"   , "2"   , "4"
"ID150" , "2"   , "1"   , "3"
"ID151" , "1"   , "2"   , "1"
"ID152" , "3"   , "1"   , "1"
"ID153" , "2"   , "2"   , "3"
"ID154" , "1"   , "1"   , "1"
"ID155" , "3"   , "1"   , "4"
"ID156" , "3"   , "2"   , "1"
"ID157" , "3"   , "2"   , "4"
"ID158" , "1"   , "2"   , "1"
"ID159" , "2"   , "2"   , "4"
"ID160" , "2"   , "2"   , "4"
"ID161" , "1"   , "1"   , "4"
"ID162" , "2"   , "2"   , "3"
"ID163" , "3"   , "1"   , "3"
"ID164" , "3"   , "2"   , "4"
"ID165" , "1"   , "1"   , "4"
"ID166" , "2"   , "2"   , "4"
"ID167" , "1"   , "1"   , "2"
"ID168" , "2"   , "1"   , "3"
"ID169" , "3"   , "2"   , "2"
"ID170" , "3"   , "2"   , "4"
"ID171" , "1"   , "1"   , "4"
"ID172" , "3"   , "2"   , "4"
"ID173" , "2"   , "1"   , "4"
"ID174" , "1"   , "1"   , "2"
"ID175" , "1"   , "1"   , "2"
"ID176" , "2"   , "1"   , "2"
"ID177" , "3"   , "2"   , "3"
"ID178" , "1"   , "1"   , "2"
"ID179" , "2"   , "2"   , "4"
"ID180" , "2"   , "2"   , "4"
"ID181" , "1"   , "2"   , "3"
"ID182" , "2"   , "2"   , "4"
"ID183" , "1"   , "2"   , "2"
"ID184" , "1"   , "2"   , "1"
"ID185" , "2"   , "1"   , "1"
"ID186" , "1"   , "2"   , "3"
"ID187" , "3"   , "2"   , "1"
"ID188" , "1"   , "2"   , "2"
"ID189" , "1"   , "1"   , "2"
"ID190" , "2"   , "1"   , "2"
"ID191" , "1"   , "2"   , "1"
"ID192" , "2"   , "1"   , "3"
"ID193" , "1"   , "1"   , "4"
"ID194" , "1"   , "1"   , "3"
"ID195" , "1"   , "2"   , "2"
"ID196" , "3"   , "2"   , "2"
"ID197" , "3"   , "2"   , "2"
"ID198" , "2"   , "1"   , "4"
"ID199" , "1"   , "1"   , "3"
"ID200" , "2"   , "1"   , "1"
"ID201" , "3"   , "2"   , "2"
"ID202" , "2"   , "1"   , "3"
"ID203" , "3"   , "2"   , "1"
"ID204" , "2"   , "2"   , "4"
"ID205" , "3"   , "2"   , "3"
"ID206" , "1"   , "1"   , "3"
"ID207" , "1"   , "1"   , "2"
"ID208" , "1"   , "1"   , "3"
"ID209" , "1"   , "1"   , "4"
"ID210" , "3"   , "2"   , "3"
"ID211" , "2"   , "2"   , "2"
"ID212" , "1"   , "2"   , "4"
"ID213" , "2"   , "1"   , "1"
"ID214" , "1"   , "2"   , "1"
"ID215" , "3"   , "2"   , "4"
"ID216" , "3"   , "2"   , "3"
"ID217" , "1"   , "2"   , "1"
"ID218" , "2"   , "2"   , "3"
"ID219" , "3"   , "1"   , "3"
"ID220" , "1"   , "1"   , "2"
"ID221" , "3"   , "2"   , "3"
"ID222" , "2"   , "2"   , "4"
"ID223" , "1"   , "2"   , "1"
"ID224" , "1"   , "2"   , "1"
"ID225" , "1"   , "1"   , "1"
"ID226" , "1"   , "1"   , "3"
"ID227" , "1"   , "1"   , "1"
"ID228" , "3"   , "1"   , "2"
"ID229" , "2"   , "1"   , "1"
"ID230" , "2"   , "2"   , "2"
"ID231" , "2"   , "2"   , "4"
"ID232" , "3"   , "1"   , "1"
"ID233" , "1"   , "2"   , "4"
"ID234" , "2"   , "2"   , "4"
"ID235" , "2"   , "1"   , "2"
"ID236" , "1"   , "2"   , "2"
"ID237" , "2"   , "2"   , "2"
"ID238" , "1"   , "1"   , "4"
"ID239" , "1"   , "2"   , "3"
"ID240" , "2"   , "1"   , "3"
"ID241" , "3"   , "2"   , "2"
"ID242" , "1"   , "1"   , "4"
"ID243" , "3"   , "1"   , "2"
"ID244" , "1"   , "2"   , "2"
"ID245" , "2"   , "2"   , "4"
"ID246" , "1"   , "2"   , "3"
"ID247" , "2"   , "1"   , "1"
"ID248" , "2"   , "1"   , "3"
"ID249" , "2"   , "1"   , "4"
"ID250" , "3"   , "1"   , "1"
"ID251" , "1"   , "2"   , "2"
"ID252" , "1"   , "2"   , "3"
"ID253" , "1"   , "2"   , "2"
"ID254" , "1"   , "2"   , "2"
"ID255" , "3"   , "2"   , "1"
"ID256" , "1"   , "1"   , "2"
"ID257" , "2"   , "2"   , "4"
"ID258" , "1"   , "1"   , "4"
"ID259" , "2"   , "1"   , "3"
"ID260" , "2"   , "2"   , "4"
"ID261" , "1"   , "1"   , "2"
"ID262" , "1"   , "1"   , "3"
"ID263" , "1"   , "1"   , "3"
"ID264" , "1"   , "2"   , "4"
"ID265" , "3"   , "2"   , "2"
"ID266" , "1"   , "1"   , "1"
"ID267" , "1"   , "1"   , "1"
"ID268" , "1"   , "1"   , "2"
"ID269" , "2"   , "1"   , "3"
"ID270" , "2"   , "1"   , "2"
"ID271" , "3"   , "2"   , "1"
"ID272" , "2"   , "1"   , "3"
"ID273" , "3"   , "1"   , "1"
"ID274" , "1"   , "2"   , "1"
"ID275" , "1"   , "2"   , "3"
"ID276" , "1"   , "2"   , "1"
"ID277" , "1"   , "2"   , "4"
"ID278" , "1"   , "2"   , "2"
"ID279" , "3"   , "1"   , "4"
"ID280" , "1"   , "2"   , "3"
"ID281" , "1"   , "2"   , "4"
"ID282" , "3"   , "1"   , "3"
"ID283" , "3"   , "2"   , "3"
"ID284" , "2"   , "1"   , "3"
"ID285" , "1"   , "2"   , "3"
"ID286" , "1"   , "1"   , "2"
"ID287" , "1"   , "2"   , "1"
"ID288" , "2"   , "1"   , "3"
"ID289" , "1"   , "2"   , "2"
"ID290" , "2"   , "1"   , "1"
"ID291" , "1"   , "2"   , "1"
"ID292" , "1"   , "2"   , "3"
"ID293" , "3"   , "1"   , "2"
"ID294" , "3"   , "2"   , "2"
"ID295" , "2"   , "2"   , "4"
"ID296" , "2"   , "1"   , "2"
"ID297" , "1"   , "1"   , "2"
"ID298" , "3"   , "2"   , "2"
"ID299" , "1"   , "1"   , "1"
"ID300" , "1"   , "1"   , "4"
"ID301" , "2"   , "2"   , "4"
"ID302" , "1"   , "2"   , "3"
"ID303" , "2"   , "1"   , "3"
"ID304" , "2"   , "2"   , "3"
"ID305" , "2"   , "2"   , "2"
"ID306" , "2"   , "2"   , "3"
"ID307" , "3"   , "1"   , "2"
"ID308" , "3"   , "1"   , "1"
"ID309" , "3"   , "1"   , "1"
"ID310" , "3"   , "2"   , "4"
"ID311" , "1"   , "2"   , "3"
"ID312" , "3"   , "1"   , "3"
"ID313" , "3"   , "2"   , "4"
"ID314" , "3"   , "2"   , "4"
"ID315" , "2"   , "2"   , "3"
"ID316" , "3"   , "1"   , "2"
"ID317" , "3"   , "1"   , "1"
"ID318" , "3"   , "1"   , "1"
"ID319" , "1"   , "1"   , "1"
"ID320" , "1"   , "2"   , "1"
"ID321" , "3"   , "2"   , "1"
"ID322" , "2"   , "1"   , "4"
"ID323" , "3"   , "1"   , "4"
"ID324" , "2"   , "2"   , "2"
"ID325" , "1"   , "1"   , "1"
"ID326" , "2"   , "2"   , "2"
"ID327" , "2"   , "2"   , "2"
"ID328" , "2"   , "1"   , "3"
"ID329" , "1"   , "2"   , "1"
"ID330" , "1"   , "1"   , "3"
"ID331" , "1"   , "2"   , "3"
"ID332" , "3"   , "2"   , "1"
"ID333" , "3"   , "2"   , "2"
"ID334" , "1"   , "1"   , "4"
"ID335" , "1"   , "2"   , "3"
"ID336" , "3"   , "1"   , "2"
"ID337" , "1"   , "2"   , "1"
"ID338" , "3"   , "1"   , "3"
"ID339" , "2"   , "1"   , "2"
"ID340" , "1"   , "2"   , "1"
"ID341" , "1"   , "1"   , "3"
"ID342" , "3"   , "1"   , "1"
"ID343" , "2"   , "1"   , "2"
"ID344" , "3"   , "2"   , "2"
"ID345" , "2"   , "1"   , "4"
"ID346" , "1"   , "1"   , "4"
"ID347" , "2"   , "1"   , "4"
"ID348" , "3"   , "2"   , "4"
"ID349" , "2"   , "1"   , "1"
"ID350" , "3"   , "2"   , "4"
"ID351" , "3"   , "1"   , "4"
"ID352" , "1"   , "1"   , "3"
"ID353" , "2"   , "1"   , "1"
"ID354" , "1"   , "1"   , "3"
"ID355" , "2"   , "1"   , "2"
"ID356" , "2"   , "1"   , "3"
"ID357" , "2"   , "1"   , "3"
"ID358" , "2"   , "2"   , "3"
"ID359" , "1"   , "2"   , "1"
"ID360" , "2"   , "1"   , "4"
"ID361" , "1"   , "2"   , "1"
"ID362" , "2"   , "1"   , "4"
"ID363" , "1"   , "1"   , "1"
"ID364" , "3"   , "1"   , "4"
"ID365" , "2"   , "1"   , "1"
"ID366" , "1"   , "2"   , "2"
"ID367" , "3"   , "2"   , "2"
"ID368" , "2"   , "2"   , "1"
"ID369" , "3"   , "1"   , "4"
"ID370" , "2"   , "1"   , "1"
"ID371" , "3"   , "2"   , "4"
"ID372" , "3"   , "1"   , "2"
"ID373" , "1"   , "1"   , "1"
"ID374" , "2"   , "1"   , "3"
"ID375" , "3"   , "1"   , "2"
"ID376" , "1"   , "2"   , "1"
"ID377" , "1"   , "1"   , "1"
"ID378" , "3"   , "2"   , "2"
"ID379" , "2"   , "2"   , "1"
"ID380" , "3"   , "2"   , "3"
"ID381" , "2"   , "2"   , "3"
"ID382" , "2"   , "2"   , "4"
"ID383" , "2"   , "1"   , "4"
"ID384" , "1"   , "2"   , "1"
"ID385" , "2"   , "1"   , "3"
"ID386" , "1"   , "1"   , "4"
"ID387" , "1"   , "2"   , "4"
"ID388" , "1"   , "1"   , "1"
"ID389" , "2"   , "2"   , "3"
"ID390" , "2"   , "1"   , "3"
"ID391" , "3"   , "1"   , "2"
"ID392" , "3"   , "1"   , "2"
"ID393" , "1"   , "1"   , "2"
"ID394" , "2"   , "2"   , "4"
"ID395" , "2"   , "2"   , "4"
"ID396" , "3"   , "2"   , "3"
"ID397" , "3"   , "2"   , "3"
"ID398" , "3"   , "2"   , "3"
"ID399" , "3"   , "2"   , "1"
"ID400" , "2"   , "1"   , "3"
"ID401" , "1"   , "2"   , "2"
"ID402" , "1"   , "1"   , "1"
"ID403" , "3"   , "2"   , "4"
"ID404" , "1"   , "2"   , "3"
"ID405" , "2"   , "1"   , "4"
"ID406" , "2"   , "2"   , "4"
"ID407" , "3"   , "1"   , "1"
"ID408" , "2"   , "1"   , "4"
"ID409" , "1"   , "2"   , "3"
"ID410" , "3"   , "2"   , "3"
"ID411" , "1"   , "1"   , "1"
"ID412" , "1"   , "1"   , "1"
"ID413" , "3"   , "2"   , "4"
"ID414" , "2"   , "1"   , "1"
"ID415" , "1"   , "2"   , "4"
"ID416" , "1"   , "2"   , "1"
"ID417" , "2"   , "1"   , "3"
"ID418" , "2"   , "2"   , "4"
"ID419" , "2"   , "1"   , "2"
"ID420" , "2"   , "1"   , "1"
"ID421" , "1"   , "2"   , "2"
"ID422" , "3"   , "2"   , "1"
"ID423" , "3"   , "2"   , "3"
"ID424" , "2"   , "1"   , "1"
"ID425" , "3"   , "2"   , "4"
"ID426" , "3"   , "1"   , "1"
"ID427" , "3"   , "1"   , "4"
"ID428" , "2"   , "2"   , "2"
"ID429" , "3"   , "1"   , "4"
"ID430" , "3"   , "1"   , "4"
"ID431" , "2"   , "2"   , "2"
"ID432" , "2"   , "1"   , "4"
"ID433" , "3"   , "1"   , "1"
"ID434" , "2"   , "2"   , "3"
"ID435" , "3"   , "1"   , "4"
"ID436" , "2"   , "1"   , "3"
"ID437" , "2"   , "2"   , "3"
"ID438" , "1"   , "1"   , "1"
"ID439" , "2"   , "1"   , "3"
"ID440" , "3"   , "2"   , "4"
"ID441" , "1"   , "2"   , "1"
"ID442" , "1"   , "2"   , "2"
"ID443" , "3"   , "2"   , "1"
"ID444" , "2"   , "1"   , "2"
"ID445" , "1"   , "2"   , "1"
"ID446" , "1"   , "1"   , "4"
"ID447" , "3"   , "1"   , "3"
"ID448" , "3"   , "2"   , "2"
"ID449" , "3"   , "1"   , "2"
"ID450" , "1"   , "1"   , "4"
"ID451" , "2"   , "2"   , "2"
"ID452" , "2"   , "2"   , "3"
"ID453" , "3"   , "2"   , "3"
"ID454" , "3"   , "2"   , "4"
"ID455" , "3"   , "1"   , "4"
"ID456" , "3"   , "1"   , "2"
"ID457" , "2"   , "1"   , "3"
"ID458" , "1"   , "1"   , "2"
"ID459" , "3"   , "2"   , "3"
"ID460" , "2"   , "1"   , "1"
"ID461" , "1"   , "1"   , "3"
"ID462" , "3"   , "1"   , "1"
"ID463" , "3"   , "2"   , "1"
"ID464" , "3"   , "2"   , "2"
"ID465" , "2"   , "1"   , "1"
"ID466" , "1"   , "2"   , "1"
"ID467" , "2"   , "1"   , "2"
"ID468" , "3"   , "1"   , "4"
"ID469" , "1"   , "2"   , "1"
"ID470" , "2"   , "2"   , "3"
"ID471" , "1"   , "1"   , "4"
"ID472" , "2"   , "1"   , "2"
"ID473" , "2"   , "1"   , "2"
"ID474" , "3"   , "2"   , "3"
"ID475" , "2"   , "2"   , "2"
"ID476" , "2"   , "1"   , "1"
"ID477" , "2"   , "2"   , "3"
"ID478" , "2"   , "2"   , "3"
"ID479" , "2"   , "2"   , "1"
"ID480" , "3"   , "2"   , "4"
"ID481" , "1"   , "1"   , "4"
"ID482" , "1"   , "2"   , "1"
"ID483" , "3"   , "1"   , "3"
"ID484" , "3"   , "2"   , "4"
"ID485" , "3"   , "1"   , "4"
"ID486" , "3"   , "2"   , "1"
"ID487" , "2"   , "1"   , "1"
"ID488" , "1"   , "1"   , "4"
"ID489" , "1"   , "2"   , "1"
"ID490" , "3"   , "1"   , "3"
"ID491" , "2"   , "2"   , "2"
"ID492" , "2"   , "1"   , "1"
"ID493" , "3"   , "2"   , "1"
"ID494" , "1"   , "1"   , "3"
"ID495" , "3"   , "2"   , "1"
"ID496" , "3"   , "2"   , "1"
"ID497" , "1"   , "1"   , "4"
"ID498" , "1"   , "2"   , "1"
"ID499" , "3"   , "2"   , "4"
"ID500" , "3"   , "1"   , "4"
"ID501" , "2"   , "1"   , "4"
"ID502" , "2"   , "1"   , "1"
"ID503" , "3"   , "1"   , "4"
"ID504" , "2"   , "1"   , "1"
"ID505" , "3"   , "2"   , "2"
"ID506" , "3"   , "2"   , "4"
"ID507" , "2"   , "1"   , "3"
"ID508" , "3"   , "1"   , "3"
"ID509" , "3"   , "1"   , "1"
"ID510" , "1"   , "2"   , "4"
"ID511" , "3"   , "1"   , "4"
"ID512" , "1"   , "1"   , "1"
"ID513" , "2"   , "2"   , "3"
"ID514" , "1"   , "2"   , "2"
"ID515" , "3"   , "2"   , "4"
"ID516" , "3"   , "1"   , "1"
"ID517" , "2"   , "1"   , "3"
"ID518" , "2"   , "1"   , "4"
"ID519" , "1"   , "2"   , "2"
"ID520" , "2"   , "1"   , "2"
"ID521" , "3"   , "2"   , "3"
"ID522" , "3"   , "1"   , "2"
"ID523" , "3"   , "1"   , "4"
"ID524" , "2"   , "2"   , "1"
"ID525" , "1"   , "2"   , "1"
"ID526" , "2"   , "2"   , "1"
"ID527" , "3"   , "1"   , "1"
"ID528" , "2"   , "2"   , "1"
"ID529" , "3"   , "2"   , "2"
"ID530" , "3"   , "2"   , "4"
"ID531" , "1"   , "2"   , "1"
"ID532" , "2"   , "1"   , "3"
"ID533" , "2"   , "2"   , "1"
"ID534" , "2"   , "2"   , "3"
"ID535" , "2"   , "1"   , "4"
"ID536" , "2"   , "2"   , "4"
"ID537" , "1"   , "2"   , "2"
"ID538" , "1"   , "2"   , "3"
"ID539" , "3"   , "2"   , "4"
"ID540" , "1"   , "1"   , "1"
"ID541" , "3"   , "1"   , "3"
"ID542" , "3"   , "1"   , "2"
"ID543" , "2"   , "2"   , "1"
"ID544" , "3"   , "1"   , "3"
"ID545" , "2"   , "1"   , "2"
"ID546" , "1"   , "2"   , "3"
"ID547" , "1"   , "2"   , "3"
"ID548" , "2"   , "1"   , "2"
"ID549" , "1"   , "1"   , "1"
"ID550" , "3"   , "1"   , "4"
"ID551" , "2"   , "2"   , "1"
"ID552" , "2"   , "2"   , "1"
"ID553" , "3"   , "2"   , "2"
"ID554" , "1"   , "1"   , "4"
"ID555" , "1"   , "2"   , "1"
"ID556" , "2"   , "2"   , "2"
"ID557" , "3"   , "2"   , "1"
"ID558" , "1"   , "2"   , "2"
"ID559" , "1"   , "2"   , "4"
"ID560" , "3"   , "2"   , "3"
"ID561" , "3"   , "2"   , "3"
"ID562" , "2"   , "1"   , "3"
"ID563" , "1"   , "1"   , "4"
"ID564" , "3"   , "1"   , "1"
"ID565" , "3"   , "1"   , "1"
"ID566" , "3"   , "1"   , "2"
"ID567" , "1"   , "2"   , "1"
"ID568" , "3"   , "1"   , "2"
"ID569" , "3"   , "1"   , "1"
"ID570" , "1"   , "1"   , "1"
"ID571" , "2"   , "1"   , "1"
"ID572" , "1"   , "1"   , "2"
"ID573" , "2"   , "1"   , "2"
"ID574" , "2"   , "1"   , "4"
"ID575" , "1"   , "1"   , "4"
"ID576" , "3"   , "2"   , "4"
"ID577" , "1"   , "1"   , "3"
"ID578" , "2"   , "1"   , "4"
"ID579" , "2"   , "1"   , "3"
"ID580" , "1"   , "1"   , "4"
"ID581" , "2"   , "1"   , "3"
"ID582" , "1"   , "1"   , "1"
"ID583" , "1"   , "1"   , "1"
"ID584" , "2"   , "2"   , "2"
"ID585" , "2"   , "2"   , "1"
"ID586" , "2"   , "1"   , "4"
"ID587" , "2"   , "1"   , "1"
"ID588" , "3"   , "2"   , "1"
"ID589" , "1"   , "1"   , "4"
"ID590" , "1"   , "1"   , "2"
"ID591" , "1"   , "2"   , "1"
"ID592" , "1"   , "1"   , "1"
"ID593" , "3"   , "2"   , "1"
"ID594" , "2"   , "1"   , "1"
"ID595" , "1"   , "2"   , "3"
"ID596" , "1"   , "1"   , "2"
"ID597" , "3"   , "1"   , "2"
"ID598" , "3"   , "2"   , "1"
"ID599" , "1"   , "2"   , "4"
"ID600" , "1"   , "1"   , "2"
"ID601" , "2"   , "2"   , "4"
"ID602" , "3"   , "1"   , "2"
"ID603" , "1"   , "2"   , "1"
"ID604" , "1"   , "2"   , "3"
"ID605" , "3"   , "1"   , "3"
"ID606" , "1"   , "2"   , "2"
"ID607" , "2"   , "1"   , "4"
"ID608" , "2"   , "1"   , "3"
"ID609" , "3"   , "2"   , "2"
"ID610" , "1"   , "1"   , "1"
"ID611" , "3"   , "1"   , "1"
"ID612" , "1"   , "2"   , "3"
"ID613" , "3"   , "1"   , "4"
"ID614" , "3"   , "1"   , "2"
"ID615" , "1"   , "2"   , "2"
"ID616" , "3"   , "2"   , "4"
"ID617" , "3"   , "2"   , "4"
"ID618" , "3"   , "1"   , "3"
"ID619" , "3"   , "1"   , "3"
"ID620" , "3"   , "1"   , "4"
"ID621" , "2"   , "1"   , "3"
"ID622" , "3"   , "2"   , "2"
"ID623" , "2"   , "2"   , "4"
"ID624" , "3"   , "2"   , "1"
"ID625" , "2"   , "2"   , "2"
"ID626" , "1"   , "2"   , "1"
"ID627" , "1"   , "2"   , "3"
"ID628" , "3"   , "1"   , "4"
"ID629" , "1"   , "2"   , "3"
"ID630" , "2"   , "2"   , "2"
"ID631" , "1"   , "2"   , "1"
"ID632" , "2"   , "1"   , "4"
"ID633" , "2"   , "2"   , "1"
"ID634" , "1"   , "1"   , "4"
"ID635" , "1"   , "2"   , "1"
"ID636" , "2"   , "1"   , "4"
"ID637" , "3"   , "2"   , "3"
"ID638" , "1"   , "1"   , "2"
"ID639" , "2"   , "1"   , "3"
"ID640" , "1"   , "1"   , "1"
"ID641" , "2"   , "1"   , "3"
"ID642" , "3"   , "2"   , "4"
"ID643" , "2"   , "1"   , "1"
"ID644" , "2"   , "2"   , "2"
"ID645" , "3"   , "2"   , "3"
"ID646" , "1"   , "2"   , "4"
"ID647" , "2"   , "2"   , "2"
"ID648" , "3"   , "1"   , "4"
"ID649" , "3"   , "1"   , "3"
"ID650" , "1"   , "1"   , "1"
"ID651" , "3"   , "2"   , "3"
"ID652" , "1"   , "1"   , "4"
"ID653" , "1"   , "1"   , "3"
"ID654" , "3"   , "2"   , "2"
"ID655" , "1"   , "1"   , "3"
"ID656" , "1"   , "1"   , "3"
"ID657" , "3"   , "2"   , "4"
"ID658" , "1"   , "1"   , "1"
"ID659" , "1"   , "2"   , "3"
"ID660" , "1"   , "1"   , "1"
"ID661" , "2"   , "2"   , "4"
"ID662" , "2"   , "1"   , "3"
"ID663" , "2"   , "2"   , "2"
"ID664" , "2"   , "2"   , "4"
"ID665" , "3"   , "1"   , "2"
"ID666" , "3"   , "2"   , "4"
"ID667" , "2"   , "1"   , "3"
"ID668" , "1"   , "1"   , "1"
"ID669" , "3"   , "1"   , "1"
"ID670" , "1"   , "2"   , "4"
"ID671" , "3"   , "2"   , "3"
"ID672" , "3"   , "1"   , "2"
"ID673" , "3"   , "2"   , "4"
"ID674" , "1"   , "2"   , "1"
"ID675" , "2"   , "1"   , "3"
"ID676" , "3"   , "2"   , "2"
"ID677" , "3"   , "1"   , "2"
"ID678" , "1"   , "1"   , "2"
"ID679" , "1"   , "1"   , "3"
"ID680" , "1"   , "1"   , "4"
"ID681" , "3"   , "2"   , "2"
"ID682" , "3"   , "2"   , "3"
"ID683" , "1"   , "1"   , "2"
"ID684" , "1"   , "1"   , "1"
"ID685" , "2"   , "1"   , "1"
"ID686" , "3"   , "2"   , "1"
"ID687" , "3"   , "1"   , "4"
"ID688" , "2"   , "1"   , "2"
"ID689" , "1"   , "1"   , "3"
"ID690" , "3"   , "2"   , "3"
"ID691" , "1"   , "2"   , "3"
"ID692" , "1"   , "1"   , "4"
"ID693" , "3"   , "2"   , "4"
"ID694" , "2"   , "1"   , "2"
"ID695" , "3"   , "2"   , "2"
"ID696" , "3"   , "2"   , "1"
"ID697" , "3"   , "2"   , "4"
"ID698" , "2"   , "2"   , "2"
"ID699" , "1"   , "1"   , "3"
"ID700" , "3"   , "1"   , "1"
"ID701" , "3"   , "1"   , "2"
"ID702" , "2"   , "2"   , "3"
"ID703" , "2"   , "1"   , "1"
"ID704" , "2"   , "2"   , "3"
"ID705" , "3"   , "1"   , "3"
"ID706" , "3"   , "2"   , "3"
"ID707" , "2"   , "2"   , "1"
"ID708" , "1"   , "1"   , "1"
"ID709" , "1"   , "2"   , "3"
"ID710" , "1"   , "1"   , "2"
"ID711" , "2"   , "2"   , "4"
"ID712" , "1"   , "1"   , "3"
"ID713" , "2"   , "2"   , "1"
"ID714" , "2"   , "1"   , "1"
"ID715" , "3"   , "1"   , "4"
"ID716" , "3"   , "1"   , "4"
"ID717" , "3"   , "2"   , "4"
"ID718" , "3"   , "2"   , "1"
"ID719" , "2"   , "1"   , "1"
"ID720" , "2"   , "2"   , "1"
"ID721" , "2"   , "1"   , "4"
"ID722" , "3"   , "2"   , "3"
"ID723" , "3"   , "2"   , "3"
"ID724" , "3"   , "2"   , "4"
"ID725" , "1"   , "2"   , "4"
"ID726" , "3"   , "1"   , "3"
"ID727" , "1"   , "1"   , "4"
"ID728" , "3"   , "1"   , "3"
"ID729" , "2"   , "1"   , "2"
"ID730" , "1"   , "2"   , "3"
"ID731" , "1"   , "2"   , "3"
"ID732" , "1"   , "2"   , "1"
"ID733" , "3"   , "2"   , "1"
"ID734" , "1"   , "2"   , "4"
"ID735" , "2"   , "1"   , "2"
"ID736" , "1"   , "2"   , "1"
"ID737" , "3"   , "2"   , "3"
"ID738" , "3"   , "1"   , "2"
"ID739" , "3"   , "1"   , "1"
"ID740" , "2"   , "1"   , "3"
"ID741" , "3"   , "2"   , "1"
"ID742" , "2"   , "1"   , "1"
"ID743" , "1"   , "2"   , "3"
"ID744" , "3"   , "1"   , "4"
"ID745" , "2"   , "2"   , "4"
"ID746" , "2"   , "1"   , "3"
"ID747" , "1"   , "1"   , "2"
"ID748" , "2"   , "1"   , "4"
"ID749" , "1"   , "1"   , "1"
"ID750" , "2"   , "1"   , "4"
"ID751" , "3"   , "2"   , "3"
"ID752" , "3"   , "2"   , "3"
"ID753" , "2"   , "2"   , "2"
"ID754" , "2"   , "1"   , "4"
"ID755" , "1"   , "1"   , "3"
"ID756" , "2"   , "2"   , "4"
"ID757" , "3"   , "1"   , "4"
"ID758" , "2"   , "2"   , "3"
"ID759" , "3"   , "1"   , "3"
"ID760" , "1"   , "1"   , "1"
"ID761" , "2"   , "1"   , "2"
"ID762" , "3"   , "2"   , "3"
"ID763" , "1"   , "1"   , "4"
"ID764" , "2"   , "2"   , "3"
"ID765" , "3"   , "1"   , "2"
"ID766" , "2"   , "2"   , "3"
"ID767" , "1"   , "1"   , "1"
"ID768" , "3"   , "2"   , "1"
"ID769" , "3"   , "1"   , "4"
"ID770" , "3"   , "1"   , "3"
"ID771" , "1"   , "2"   , "2"
"ID772" , "3"   , "2"   , "2"
"ID773" , "2"   , "1"   , "1"
"ID774" , "2"   , "1"   , "1"
"ID775" , "2"   , "1"   , "1"
"ID776" , "3"   , "2"   , "4"
"ID777" , "1"   , "1"   , "4"
"ID778" , "1"   , "2"   , "3"
"ID779" , "2"   , "2"   , "4"
"ID780" , "2"   , "1"   , "1"
"ID781" , "3"   , "2"   , "1"
"ID782" , "2"   , "2"   , "3"
"ID783" , "2"   , "2"   , "2"
"ID784" , "1"   , "1"   , "3"
"ID785" , "3"   , "2"   , "2"
"ID786" , "1"   , "2"   , "3"
"ID787" , "3"   , "2"   , "3"
"ID788" , "3"   , "2"   , "3"
"ID789" , "3"   , "2"   , "1"
"ID790" , "3"   , "2"   , "4"
"ID791" , "2"   , "1"   , "4"
"ID792" , "2"   , "2"   , "2"
"ID793" , "1"   , "1"   , "3"
"ID794" , "1"   , "1"   , "1"
"ID795" , "3"   , "1"   , "3"
"ID796" , "2"   , "2"   , "3"
"ID797" , "1"   , "1"   , "3"
"ID798" , "2"   , "1"   , "1"
"ID799" , "2"   , "1"   , "4"
"ID800" , "2"   , "1"   , "3"
"ID801" , "1"   , "1"   , "1"
"ID802" , "3"   , "2"   , "3"
"ID803" , "3"   , "1"   , "4"
"ID804" , "2"   , "2"   , "3"
"ID805" , "2"   , "1"   , "4"
"ID806" , "2"   , "1"   , "3"
"ID807" , "1"   , "2"   , "1"
"ID808" , "3"   , "2"   , "1"
"ID809" , "1"   , "1"   , "3"
"ID810" , "2"   , "1"   , "1"
"ID811" , "3"   , "1"   , "2"
"ID812" , "1"   , "2"   , "3"
"ID813" , "1"   , "1"   , "1"
"ID814" , "2"   , "2"   , "1"
"ID815" , "3"   , "1"   , "4"
"ID816" , "1"   , "2"   , "1"
"ID817" , "2"   , "2"   , "4"
"ID818" , "1"   , "2"   , "3"
"ID819" , "1"   , "1"   , "3"
"ID820" , "3"   , "2"   , "3"
"ID821" , "3"   , "1"   , "4"
"ID822" , "3"   , "2"   , "4"
"ID823" , "3"   , "2"   , "2"
"ID824" , "3"   , "2"   , "4"
"ID825" , "2"   , "2"   , "1"
"ID826" , "3"   , "1"   , "2"
"ID827" , "2"   , "1"   , "4"
"ID828" , "3"   , "2"   , "2"
"ID829" , "2"   , "1"   , "3"
"ID830" , "3"   , "1"   , "3"
"ID831" , "2"   , "1"   , "2"
"ID832" , "2"   , "1"   , "3"
"ID833" , "3"   , "1"   , "1"
"ID834" , "2"   , "2"   , "4"
"ID835" , "1"   , "1"   , "4"
"ID836" , "3"   , "2"   , "3"
"ID837" , "1"   , "1"   , "1"
"ID838" , "3"   , "2"   , "4"
"ID839" , "2"   , "1"   , "2"
"ID840" , "1"   , "1"   , "4"
"ID841" , "1"   , "1"   , "4"
"ID842" , "3"   , "1"   , "1"
"ID843" , "1"   , "2"   , "2"
"ID844" , "2"   , "2"   , "3"
"ID845" , "3"   , "2"   , "1"
"ID846" , "3"   , "1"   , "1"
"ID847" , "2"   , "1"   , "1"
"ID848" , "2"   , "2"   , "1"
"ID849" , "2"   , "1"   , "3"
"ID850" , "3"   , "1"   , "1"
"ID851" , "3"   , "1"   , "2"
"ID852" , "3"   , "1"   , "1"
"ID853" , "2"   , "2"   , "3"
"ID854" , "1"   , "1"   , "3"
"ID855" , "3"   , "1"   , "3"
"ID856" , "3"   , "1"   , "3"
"ID857" , "3"   , "1"   , "1"
"ID858" , "3"   , "2"   , "4"
"ID859" , "3"   , "1"   , "2"
"ID860" , "3"   , "2"   , "1"
"ID861" , "1"   , "2"   , "2"
"ID862" , "1"   , "1"   , "2"
"ID863" , "1"   , "1"   , "4"
"ID864" , "1"   , "2"   , "3"
"ID865" , "1"   , "2"   , "2"
"ID866" , "2"   , "2"   , "1"
"ID867" , "1"   , "1"   , "3"
"ID868" , "2"   , "1"   , "1"
"ID869" , "2"   , "2"   , "3"
"ID870" , "3"   , "1"   , "4"
"ID871" , "3"   , "2"   , "1"
"ID872" , "1"   , "2"   , "2"
"ID873" , "2"   , "1"   , "3"
"ID874" , "2"   , "2"   , "4"
"ID875" , "1"   , "2"   , "2"
"ID876" , "3"   , "1"   , "3"
"ID877" , "3"   , "2"   , "4"
"ID878" , "2"   , "1"   , "4"
"ID879" , "1"   , "1"   , "2"
"ID880" , "3"   , "2"   , "4"
"ID881" , "2"   , "1"   , "2"
"ID882" , "1"   , "2"   , "2"
"ID883" , "3"   , "2"   , "3"
"ID884" , "2"   , "1"   , "4"
"ID885" , "2"   , "1"   , "4"
"ID886" , "2"   , "1"   , "2"
"ID887" , "2"   , "1"   , "2"
"ID888" , "2"   , "2"   , "4"
"ID889" , "1"   , "2"   , "3"
"ID890" , "1"   , "1"   , "4"
"ID891" , "3"   , "1"   , "3"
"ID892" , "1"   , "2"   , "3"
"ID893" , "1"   , "2"   , "4"
"ID894" , "3"   , "1"   , "2"
"ID895" , "1"   , "1"   , "3"
"ID896" , "2"   , "2"   , "1"
"ID897" , "3"   , "2"   , "2"
"ID898" , "3"   , "2"   , "2"
"ID899" , "2"   , "2"   , "2"
"ID900" , "2"   , "1"   , "4"
"ID901" , "1"   , "2"   , "3"
"ID902" , "3"   , "2"   , "1"
"ID903" , "3"   , "2"   , "4"
"ID904" , "1"   , "2"   , "1"
"ID905" , "3"   , "2"   , "4"
"ID906" , "1"   , "1"   , "3"
"ID907" , "1"   , "1"   , "1"
"ID908" , "2"   , "1"   , "2"
"ID909" , "1"   , "2"   , "1"
"ID910" , "1"   , "1"   , "4"
"ID911" , "1"   , "1"   , "1"
"ID912" , "1"   , "2"   , "3"
"ID913" , "1"   , "1"   , "1"
"ID914" , "1"   , "2"   , "1"
"ID915" , "3"   , "1"   , "2"
"ID916" , "3"   , "2"   , "4"
"ID917" , "1"   , "1"   , "2"
"ID918" , "1"   , "1"   , "3"
"ID919" , "3"   , "2"   , "3"
"ID920" , "2"   , "1"   , "4"
"ID921" , "2"   , "1"   , "3"
"ID922" , "3"   , "2"   , "4"
"ID923" , "3"   , "2"   , "3"
"ID924" , "2"   , "1"   , "3"
"ID925" , "3"   , "2"   , "2"
"ID926" , "3"   , "1"   , "1"
"ID927" , "1"   , "2"   , "4"
"ID928" , "2"   , "1"   , "4"
"ID929" , "2"   , "1"   , "4"
"ID930" , "2"   , "1"   , "4"
"ID931" , "2"   , "1"   , "2"
"ID932" , "1"   , "2"   , "4"
"ID933" , "1"   , "1"   , "3"
"ID934" , "2"   , "1"   , "3"
"ID935" , "2"   , "2"   , "2"
"ID936" , "1"   , "1"   , "4"
"ID937" , "3"   , "1"   , "2"
"ID938" , "1"   , "2"   , "2"
"ID939" , "3"   , "2"   , "2"
"ID940" , "3"   , "2"   , "2"
"ID941" , "2"   , "2"   , "3"
"ID942" , "3"   , "2"   , "3"
"ID943" , "3"   , "2"   , "2"
"ID944" , "3"   , "2"   , "3"
"ID945" , "1"   , "1"   , "1"
"ID946" , "3"   , "2"   , "4"
"ID947" , "1"   , "1"   , "1"
"ID948" , "3"   , "1"   , "4"
"ID949" , "1"   , "1"   , "3"
"ID950" , "1"   , "2"   , "2"
"ID951" , "2"   , "2"   , "1"
"ID952" , "2"   , "2"   , "4"
"ID953" , "1"   , "2"   , "3"
"ID954" , "1"   , "1"   , "2"
"ID955" , "1"   , "2"   , "4"
"ID956" , "3"   , "1"   , "3"
"ID957" , "1"   , "2"   , "1"
"ID958" , "1"   , "2"   , "2"
"ID959" , "2"   , "1"   , "2"
"ID960" , "1"   , "2"   , "3"
"ID961" , "1"   , "2"   , "2"
"ID962" , "3"   , "1"   , "4"
"ID963" , "2"   , "1"   , "3"
"ID964" , "3"   , "2"   , "3"
"ID965" , "2"   , "2"   , "3"
"ID966" , "3"   , "2"   , "2"
"ID967" , "1"   , "2"   , "4"
"ID968" , "2"   , "2"   , "3"
"ID969" , "2"   , "2"   , "2"
"ID970" , "2"   , "1"   , "4"
"ID971" , "2"   , "2"   , "3"
"ID972" , "2"   , "2"   , "3"
"ID973" , "1"   , "1"   , "4"
"ID974" , "3"   , "1"   , "1"
"ID975" , "2"   , "2"   , "4"
"ID976" , "3"   , "2"   , "1"
"ID977" , "2"   , "2"   , "4"
"ID978" , "1"   , "2"   , "2"
"ID979" , "3"   , "1"   , "2"
"ID980" , "2"   , "1"   , "3"
"ID981" , "3"   , "1"   , "4"
"ID982" , "2"   , "1"   , "4"
"ID983" , "3"   , "1"   , "2"
"ID984" , "3"   , "2"   , "4"
"ID985" , "2"   , "2"   , "4"
"ID986" , "2"   , "2"   , "4"
"ID987" , "2"   , "2"   , "2"
"ID988" , "3"   , "2"   , "2"
"ID989" , "1"   , "2"   , "2"
"ID990" , "1"   , "2"   , "2"
"ID991" , "1"   , "2"   , "2"
"ID992" , "3"   , "2"   , "3"
"ID993" , "1"   , "2"   , "3"
"ID994" , "2"   , "1"   , "1"
"ID995" , "3"   , "2"   , "4"
"ID996" , "1"   , "1"   , "1"
"ID997" , "2"   , "1"   , "1"
"ID998" , "2"   , "1"   , "3"
"ID999" , "3"   , "2"   , "1"
"ID1000", "2"   , "1"   , "3"
